﻿{
  "$schema": "https://schema.management.azure.com/schemas/2015-01-01/deploymentTemplate.json#",
  "contentVersion": "1.0.0.0",
  "parameters": {
    "location": {
      "type": "string",
      "metadata": {
        "description": "The data center you want to install these Web Applicatin Firewall's into."
      }
    },
    "numberOFWAFs": {
      "type": "int",
      "metadata": {
        "description": "The number of Web Applicatin Firewall's (Up to 4) that will be deployed infront of your application."
      }
    },
    "vmSize": {
      "type": "string",
      "metadata": {
        "description": "The size of the Virtual Hardware Instance."
      },
      "allowedValues": [
        "Standard_A3",
        "Standard_A4",
        "Standard_D2",
        "Standard_D5"
      ]
    },
    "adminUsername": {
      "type": "string",
      "metadata": {
        "description": "User name to login to the Web Applicatin Firewall."
      }
    },
    "adminPassword": {
      "type": "securestring",
      "metadata": {
        "description": "Password to login to the Web Applicatin Firewall."
      }
    },
    "dnsNameForPublicIP": {
      "type": "string",
      "metadata": {
        "description": "Unique DNS Name for the Public IP used to access the Web Application Firewalls for management."
      }
    },
    "licenseToken1": {
      "type": "string",
      "metadata": {
        "description": "The License Token for the first BYOL F5 Web Application Firewall."
      }
    },
    "licenseToken2": {
      "type": "string",
      "defaultValue": "",
      "metadata": {
        "description": "(Optional) The License Token for the second BYOL F5 Web Application Firewall if applicablbe."
      }
    },
    "licenseToken3": {
      "type": "string",
      "defaultValue": "",
      "metadata": {
        "description": "(Optional) The License Token for the third BYOL F5 Web Application Firewall if applicablbe."
      }
    },
    "licenseToken4": {
      "type": "string",
      "defaultValue": "",
      "metadata": {
        "description": "(Optional) The License Token for the fourth BYOL F5 Web Application Firewall if applicablbe."
      }
    },
    "applicationName": {
      "type": "string",
      "metadata": {
        "description": "Please provide a simple name for your application."
      }
    },
    "applicationProtocols": {
      "type": "string",
      "metadata": {
        "description": "A semi-colon separated list of protocols (http;https) that will be used to configure the WAF's VIP's, (e.g. http for port 80 and https for SSL)."
      }
    },
    "applicationAddress": {
      "type": "string",
      "metadata": {
        "description": "The public IP address or DNS FQDN of the Application that this WAF is for."
      }
    },
    "applicationPorts": {
      "type": "string",
      "metadata": {
        "description": "A semi-colon separated list of ports, (80;443) that your applicaiton is listening on, (e.g. 80 and 443)."
      }
    },
    "applicationType": {
      "type": "string",
      "metadata": {
        "description": "Is your application running on a Linux OS or a Windows OS?"
      }
    },
    "blockingLevel": {
      "type": "string",
      "metadata": {
        "description": "Please select how aggressive you would like the blocking level of this WAF to be.  Remember that the more aggressive the blocking level, the more potential there is for false-positives that the WAF might detect."
      }
    },
    "applicationFQDN": {
      "type": "string",
      "metadata": {
        "description": "The Fully Qualified Domain Name of your application. (e.g. www.example.com)."
      }
    },
    "applicationCertificate": {
      "type": "string",
      "defaultValue": "",
      "metadata": {
        "description": "The path to the SSL certificate file. (Optional)"
      }
    },
    "applicationKey": {
      "type": "string",
      "defaultValue": "",
      "metadata": {
        "description": "The path to the SSL key file. (Optional)"
      }
    },
    "applicationChain": {
      "type": "string",
      "defaultValue": "",
      "metadata": {
        "description": "The path to the SSL chain file. (Optional)"
      }
    }
  },
  "variables": {
    "virtualNetworkName": "[concat(parameters('dnsNameForPublicIP'),'-vnet')]",
    "vnetAddressPrefix": "10.10.0.0/16",
    "subnetName": "[concat(parameters('dnsNameForPublicIP'),'-subNet')]",
    "subnetPrefix": "10.10.1.0/24",
    "ipAddress": "10.10.1.",
    "nicNamePrefix": "[concat(parameters('dnsNameForPublicIP'),'-nic')]",
    "loadBalancerName": "[concat(parameters('dnsNameForPublicIP'),'-alb')]",
    "availabilitySetName": "[concat(parameters('dnsNameForPublicIP'),'-avset')]",
    "newStorageAccountName": "[concat(parameters('dnsNameForPublicIP'),'stor')]",
    "wafNamePrefix": "[concat(parameters('dnsNameForPublicIP'),'-waf')]",
    "nsgID": "[resourceId('Microsoft.Network/networkSecurityGroups/',concat(parameters('dnsNameForPublicIP'),'-nsg'))]",
    "lbID": "[resourceId('Microsoft.Network/loadBalancers',variables('loadBalancerName'))]",
    "frontEndIPConfigID": "[concat(variables('lbID'),'/frontendIPConfigurations/loadBalancerFrontEnd')]",
    "guiMgtID": "[concat(variables('lbID'),'/inboundNatRules/guimgt')]",
    "sshMgtID": "[concat(variables('lbID'),'/inboundNatRules/sshmgt')]",
    "publicIPID": "[resourceId('Microsoft.Network/publicIPAddresses',parameters('dnsNameForPublicIP'))]",
    "vnetID": "[resourceId('Microsoft.Network/virtualNetworks',variables('virtualNetworkName'))]",
    "subnetRef": "[concat(variables('vnetID'),'/subnets/',variables('subnetName'))]"
  },
  "resources": [
    {
      "apiVersion": "2015-06-15",
      "type": "Microsoft.Network/publicIPAddresses",
      "name": "[parameters('dnsNameForPublicIP')]",
      "location": "[parameters('location')]",
      "tags": {
        "displayName": "PublicIPAddress"
      },
      "properties": {
        "publicIPAllocationMethod": "Dynamic",
        "dnsSettings": {
          "domainNameLabel": "[parameters('dnsNameForPublicIP')]"
        }
      }
    },
    {
      "apiVersion": "2015-06-15",
      "type": "Microsoft.Network/virtualNetworks",
      "name": "[variables('virtualNetworkName')]",
      "location": "[parameters('location')]",
      "tags": {
        "displayName": "VirtualNetwork"
      },
      "properties": {
        "addressSpace": {
          "addressPrefixes": [
            "[variables('vnetAddressPrefix')]"
          ]
        },
        "subnets": [
          {
            "name": "[variables('subnetName')]",
            "properties": {
              "addressPrefix": "[variables('subnetPrefix')]"
            }
          }
        ]
      }
    },
    {
      "apiVersion": "2015-06-15",
      "type": "Microsoft.Network/networkInterfaces",
      "name": "[concat(variables('nicNamePrefix'),copyindex())]",
      "location": "[parameters('location')]",
      "tags": {
        "displayName": "NetworkInterface"
      },
      "dependsOn": [
        "[concat('Microsoft.Network/virtualNetworks/', variables('virtualNetworkName'))]",
        "[concat('Microsoft.Network/loadBalancers/', variables('loadBalancerName'))]",
        "[concat('Microsoft.Network/loadBalancers/', variables('loadBalancerName'),'/inboundNatRules/guimgt',copyindex())]",
        "[concat('Microsoft.Network/loadBalancers/', variables('loadBalancerName'),'/inboundNatRules/sshmgt',copyindex())]",
        "[concat('Microsoft.Network/networkSecurityGroups/', parameters('dnsNameForPublicIP'),'-nsg')]"
      ],
      "copy": {
        "count": "[parameters('numberOFWAFs')]",
        "name": "niccopy"
      },
      "properties": {
        "networkSecurityGroup": {
          "id": "[variables('nsgID')]"
        },
        "ipConfigurations": [
          {
            "name": "ipconfig1",
            "properties": {
              "privateIPAllocationMethod": "Static",
              "privateIPAddress": "[concat(variables('ipAddress'),add(4,copyindex()))]",
              "subnet": {
                "id": "[variables('subnetRef')]"
              },
              "loadBalancerBackendAddressPools": [
                {
                  "id": "[concat(variables('lbID'), '/backendAddressPools/', 'loadBalancerBackEnd')]"
                }
              ],
              "loadBalancerInboundNatRules": [
                {
                  "id": "[concat(variables('lbID'), '/inboundNatRules/', 'guimgt',copyIndex())]"
                },
                {
                  "id": "[concat(variables('lbID'), '/inboundNatRules/', 'sshmgt',copyIndex())]"
                }
              ]
            }
          }
        ]
      }
    },
    {
      "apiVersion": "2015-06-15",
      "type": "Microsoft.Network/networkSecurityGroups",
      "name": "[concat(parameters('dnsNameForPublicIP'), '-nsg')]",
      "location": "[parameters('location')]",
      "properties": {
        "securityRules": [
          {
            "name": "mgt_rule",
            "properties": {
              "description": "",
              "priority": 101,
              "sourceAddressPrefix": "*",
              "sourcePortRange": "*",
              "destinationAddressPrefix": "*",
              "destinationPortRange": "443",
              "protocol": "Tcp",
              "direction": "Inbound",
              "access": "Allow"
            }
          },
          {
            "name": "ssh_rule",
            "properties": {
              "description": "",
              "priority": 102,
              "sourceAddressPrefix": "*",
              "sourcePortRange": "*",
              "destinationAddressPrefix": "*",
              "destinationPortRange": "22",
              "protocol": "Tcp",
              "direction": "Inbound",
              "access": "Allow"
            }
          },
          {
            "name": "app_rule_880",
            "properties": {
              "description": "",
              "priority": 103,
              "sourceAddressPrefix": "*",
              "sourcePortRange": "*",
              "destinationAddressPrefix": "*",
              "destinationPortRange": "880",
              "protocol": "Tcp",
              "direction": "Inbound",
              "access": "Allow"
            }
          },
          {
            "name": "app_rule_8444",
            "properties": {
              "description": "",
              "priority": 104,
              "sourceAddressPrefix": "*",
              "sourcePortRange": "*",
              "destinationAddressPrefix": "*",
              "destinationPortRange": "8444",
              "protocol": "Tcp",
              "direction": "Inbound",
              "access": "Allow"
            }
          }
        ]
      }
    },
    {
      "apiVersion": "2015-06-15",
      "dependsOn": [
        "[concat('Microsoft.Network/publicIPAddresses/', parameters('dnsNameForPublicIP'))]"
      ],
      "location": "[parameters('location')]",
      "name": "[variables('loadBalancerName')]",
      "properties": {
        "frontendIPConfigurations": [
          {
            "name": "loadBalancerFrontEnd",
            "properties": {
              "publicIPAddress": {
                "id": "[variables('publicIPID')]"
              }
            }
          }
        ],
        "backendAddressPools": [
          {
            "name": "loadBalancerBackEnd"
          }
        ],
        "loadBalancingRules": [
          {
            "Name": "lbrule",
            "properties": {
              "frontendIPConfiguration": {
                "id": "[concat(resourceId('Microsoft.Network/loadBalancers', variables('loadBalancerName')), '/frontendIpConfigurations/loadBalancerFrontEnd')]"
              },
              "backendAddressPool": {
                "id": "[concat(resourceId('Microsoft.Network/loadBalancers', variables('loadBalancerName')), '/backendAddressPools/loadBalancerBackEnd')]"
              },
              "probe": {
                "id": "[concat(resourceId('Microsoft.Network/loadBalancers', variables('loadBalancerName')), '/probes/lbprobe')]"
              },
              "protocol": "Tcp",
              "frontendPort": 80,
              "backendPort": 880,
              "idleTimeoutInMinutes": 15
            }
          }
        ],
        "probes": [
          {
            "properties": {
              "protocol": "Tcp",
              "port": 880,
              "intervalInSeconds": 15,
              "numberOfProbes": 2
            },
            "name": "lbprobe"
          }
        ]
      },
      "type": "Microsoft.Network/loadBalancers"
    },
    {
      "apiVersion": "2015-06-15",
      "type": "Microsoft.Network/loadBalancers/inboundNatRules",
      "name": "[concat(variables('loadBalancerName'),'/guimgt', copyIndex())]",
      "location": "[parameters('location')]",
      "copy": {
        "name": "lbNatLoop",
        "count": "[parameters('numberOFWAFs')]"
      },
      "dependsOn": [
        "[concat('Microsoft.Network/loadBalancers/', variables('loadBalancerName'))]"
      ],
      "properties": {
        "frontendIPConfiguration": {
          "id": "[variables('frontEndIPConfigID')]"
        },
        "protocol": "Tcp",
        "frontendPort": "[copyIndex(8443)]",
        "backendPort": 443,
        "enableFloatingIP": false
      }
    },
    {
      "apiVersion": "2015-06-15",
      "type": "Microsoft.Network/loadBalancers/inboundNatRules",
      "name": "[concat(variables('loadBalancerName'),'/sshmgt', copyIndex())]",
      "location": "[parameters('location')]",
      "copy": {
        "name": "lbNatLoop",
        "count": "[parameters('numberOFWAFs')]"
      },
      "dependsOn": [
        "[concat('Microsoft.Network/loadBalancers/', variables('loadBalancerName'))]"
      ],
      "properties": {
        "frontendIPConfiguration": {
          "id": "[variables('frontEndIPConfigID')]"
        },
        "protocol": "tcp",
        "frontendPort": "[copyIndex(8022)]",
        "backendPort": 22,
        "enableFloatingIP": false
      }
    },
    {
      "apiVersion": "2015-06-15",
      "location": "[parameters('location')]",
      "name": "[variables('availabilitySetName')]",
      "type": "Microsoft.Compute/availabilitySets"
    },
    {
      "apiVersion": "2015-06-15",
      "type": "Microsoft.Compute/virtualMachines",
      "name": "[concat(variables('wafNamePrefix'),copyindex())]",
      "location": "[parameters('location')]",
      "tags": {
        "displayName": "WAFs"
      },
      "dependsOn": [
        "[concat('Microsoft.Network/networkInterfaces/', variables('nicNamePrefix'), copyindex())]",
        "[concat('Microsoft.Compute/availabilitySets/', variables('availabilitySetName'))]",
        "[concat('Microsoft.Storage/storageAccounts/', variables('newStorageAccountName'))]"
      ],
      "copy": {
        "count": "[parameters('numberOFWAFs')]",
        "name": "wafcopy"
      },
      "plan": {
        "name": "f5-bigip-virtual-edition-best-byol",
        "publisher": "f5-networks",
        "product": "f5-big-ip"
      },
      "properties": {
        "availabilitySet": {
          "id": "[resourceId('Microsoft.Compute/availabilitySets',variables('availabilitySetName'))]"
        },
        "hardwareProfile": {
          "vmSize": "[parameters('vmSize')]"
        },
        "osProfile": {
          "computerName": "[concat(variables('wafNamePrefix'),copyindex())]",
          "adminUsername": "[parameters('adminUsername')]",
          "adminPassword": "[parameters('adminPassword')]"
        },
        "storageProfile": {
          "imageReference": {
            "publisher": "f5-networks",
            "offer": "f5-big-ip",
            "sku": "f5-bigip-virtual-edition-best-byol",
            "version": "latest"
          },
          "osDisk": {
            "name": "[concat('osdisk',copyindex())]",
            "vhd": {
              "uri": "[concat('http://',variables('newStorageAccountName'),'.blob.core.windows.net/',variables('newStorageAccountName'),'/osDisk',copyindex(),'.vhd')]"
            },
            "caching": "ReadWrite",
            "createOption": "FromImage"
          }
        },
        "networkProfile": {
          "networkInterfaces": [
            {
              "id": "[concat(resourceId('Microsoft.Network/networkInterfaces',variables('nicNamePrefix')),copyindex())]"
            }
          ]
        },
        "diagnosticsProfile": {
          "bootDiagnostics": {
            "enabled": true,
            "storageUri": "[concat('http://',variables('newstorageAccountName'),'.blob.core.windows.net')]"
          }
        }
      }
    },
    {
      "name": "[variables('newStorageAccountName')]",
      "type": "Microsoft.Storage/storageAccounts",
      "location": "[parameters('location')]",
      "apiVersion": "2015-05-01-preview",
      "properties": {
        "accountType": "Standard_LRS"
      }
    },
    {
      "type": "Microsoft.Compute/virtualMachines/extensions",
      "name": "[concat(variables('wafNamePrefix'),0,'/start')]",
      "apiVersion": "2015-05-01-preview",
      "location": "[parameters('location')]",
      "dependsOn": [
        "[concat('Microsoft.Compute/virtualMachines/',variables('wafNamePrefix'),0)]"
      ],
      "properties": {
        "publisher": "Microsoft.OSTCExtensions",
        "type": "CustomScriptForLinux",
        "typeHandlerVersion": "1.2",
        "settings": {
          "fileUris": [
            "https://raw.githubusercontent.com/tstanley93/Azure-WAF/custom_vhd/azuresecurity.sh",
            "https://raw.githubusercontent.com/tstanley93/Azure-WAF/custom_vhd/start.sh"
          ],
          "commandToExecute": "[concat('bash start.sh ','true',';',concat(variables('wafNamePrefix'),0),';',concat(variables('ipAddress'),4),';',parameters('adminPassword'),';',parameters('licenseToken1'),';',toLower(parameters('applicationName')),' 880;8444 ',parameters('applicationProtocols'),' ',parameters('applicationAddress'),';',replace(toLower(parameters('location')),' ',''),' ',parameters('applicationPorts'),' ',toLower(parameters('applicationType')),';',toLower(parameters('blockingLevel')),';',toLower(parameters('applicationFQDN')),';',parameters('applicationCertificate'),';',parameters('applicationKey'),';',parameters('applicationChain'))]"
        }
      }
    },
    {
      "type": "Microsoft.Compute/virtualMachines/extensions",
      "copy": {
        "name": "extensionLoop",
        "count": "[sub(parameters('numberOfWAFs'), 1)]"
      },
      "name": "[concat(variables('wafNamePrefix'),add(copyindex(),1),'/start')]",
      "apiVersion": "2015-05-01-preview",
      "location": "[parameters('location')]",
      "dependsOn": [
        "[concat('Microsoft.Compute/virtualMachines/',variables('wafNamePrefix'),add(copyindex(),1))]"
      ],
      "properties": {
        "publisher": "Microsoft.OSTCExtensions",
        "type": "CustomScriptForLinux",
        "typeHandlerVersion": "1.2",
        "settings": {
          "fileUris": [
            "https://raw.githubusercontent.com/tstanley93/Azure-WAF/custom_vhd/azuresecurity.sh",
            "https://raw.githubusercontent.com/tstanley93/Azure-WAF/custom_vhd/start.sh"
          ],
          "commandToExecute": "[concat('bash start.sh ','false',';',concat(variables('wafNamePrefix'),add(copyindex(),1)),';',concat(variables('ipAddress'),add(add(4,copyindex()),1),';',parameters('adminPassword'),';',parameters('licenseToken2'),';',toLower(parameters('applicationName')),';',concat(variables('wafNamePrefix'),0),';',concat(variables('ipAddress'),4),' 880;8444 ',parameters('applicationProtocols'),' ',parameters('applicationAddress'),';',replace(toLower(parameters('location')),' ',''),' ',parameters('applicationPorts'),' ',toLower(parameters('applicationType')),';',toLower(parameters('blockingLevel')),';',toLower(parameters('applicationFQDN')),';',parameters('applicationCertificate'),';',parameters('applicationKey'),';',parameters('applicationChain')))]"
        }
      }
    }
  ],
  "outputs": {
    "GUI-URL": {
      "type": "string",
      "value": "[concat('https://',reference(variables('publicIPID')).dnsSettings.fqdn,':8443')]"
    },
    "SSH-URL": {
      "type": "string",
      "value": "[concat(reference(variables('publicIPID')).dnsSettings.fqdn,' ',8022)]"
    }
  }
}